Month, Avg Steps
January,5246.096774193548
February,4851.857142857143
March,5777.612903225807
April,5802.133333333333
May,4711.548387096775
June,4792.333333333333
August,5638.225806451613
September,5759.645161290323
October,6114.566666666667
November,5411.032258064516
December,4268.8
